{"ADVISES": [{"from_type": "Advisor", "to_type": "Client", "directed": false, "from_id": "5", "to_id": "22", "attributes": {}, "e_type": "ADVISES"}, {"from_type": "Advisor", "to_type": "Client", "directed": false, "from_id": "5", "to_id": "21", "attributes": {}, "e_type": "ADVISES"}, {"from_type": "Advisor", "to_type": "Client", "directed": false, "from_id": "1", "to_id": "4", "attributes": {}, "e_type": "ADVISES"}, {"from_type": "Advisor", "to_type": "Client", "directed": false, "from_id": "5", "to_id": "24", "attributes": {}, "e_type": "ADVISES"}, {"from_type": "Advisor", "to_type": "Client", "directed": false, "from_id": "1", "to_id": "2", "attributes": {}, "e_type": "ADVISES"}, {"from_type": "Advisor", "to_type": "Client", "directed": false, "from_id": "3", "to_id": "13", "attributes": {}, "e_type": "ADVISES"}, {"from_type": "Advisor", "to_type": "Client", "directed": false, "from_id": "1", "to_id": "3", "attributes": {}, "e_type": "ADVISES"}, {"from_type": "Advisor", "to_type": "Client", "directed": false, "from_id": "3", "to_id": "14", "attributes": {}, "e_type": "ADVISES"}, {"from_type": "Advisor", "to_type": "Client", "directed": false, "from_id": "3", "to_id": "11", "attributes": {}, "e_type": "ADVISES"}, {"from_type": "Advisor", "to_type": "Client", "directed": false, "from_id": "2", "to_id": "8", "attributes": {}, "e_type": "ADVISES"}, {"from_type": "Advisor", "to_type": "Client", "directed": false, "from_id": "1", "to_id": "1", "attributes": {}, "e_type": "ADVISES"}, {"from_type": "Advisor", "to_type": "Client", "directed": false, "from_id": "4", "to_id": "17", "attributes": {}, "e_type": "ADVISES"}, {"from_type": "Advisor", "to_type": "Client", "directed": false, "from_id": "4", "to_id": "19", "attributes": {}, "e_type": "ADVISES"}, {"from_type": "Advisor", "to_type": "Client", "directed": false, "from_id": "3", "to_id": "12", "attributes": {}, "e_type": "ADVISES"}, {"from_type": "Advisor", "to_type": "Client", "directed": false, "from_id": "2", "to_id": "7", "attributes": {}, "e_type": "ADVISES"}, {"from_type": "Advisor", "to_type": "Client", "directed": false, "from_id": "1", "to_id": "5", "attributes": {}, "e_type": "ADVISES"}, {"from_type": "Advisor", "to_type": "Client", "directed": false, "from_id": "3", "to_id": "15", "attributes": {}, "e_type": "ADVISES"}, {"from_type": "Advisor", "to_type": "Client", "directed": false, "from_id": "2", "to_id": "9", "attributes": {}, "e_type": "ADVISES"}, {"from_type": "Advisor", "to_type": "Client", "directed": false, "from_id": "4", "to_id": "18", "attributes": {}, "e_type": "ADVISES"}, {"from_type": "Advisor", "to_type": "Client", "directed": false, "from_id": "4", "to_id": "20", "attributes": {}, "e_type": "ADVISES"}, {"from_type": "Advisor", "to_type": "Client", "directed": false, "from_id": "4", "to_id": "16", "attributes": {}, "e_type": "ADVISES"}, {"from_type": "Advisor", "to_type": "Client", "directed": false, "from_id": "2", "to_id": "10", "attributes": {}, "e_type": "ADVISES"}, {"from_type": "Advisor", "to_type": "Client", "directed": false, "from_id": "2", "to_id": "6", "attributes": {}, "e_type": "ADVISES"}, {"from_type": "Advisor", "to_type": "Client", "directed": false, "from_id": "5", "to_id": "23", "attributes": {}, "e_type": "ADVISES"}, {"from_type": "Advisor", "to_type": "Client", "directed": false, "from_id": "5", "to_id": "25", "attributes": {}, "e_type": "ADVISES"}], "INVESTS_IN": [{"from_type": "Client", "to_type": "Assets", "directed": false, "from_id": "6", "to_id": "7", "attributes": {"amount": 84677.34, "invested_at": "2025-07-31", "investment_id": "27", "currency": "USD"}, "e_type": "INVESTS_IN"}, {"from_type": "Client", "to_type": "Assets", "directed": false, "from_id": "10", "to_id": "6", "attributes": {"amount": 5658.94, "invested_at": "2025-02-12", "investment_id": "46", "currency": "EUR"}, "e_type": "INVESTS_IN"}, {"from_type": "Client", "to_type": "Assets", "directed": false, "from_id": "18", "to_id": "5", "attributes": {"amount": 42695.57, "invested_at": "2025-03-06", "investment_id": "81", "currency": "USD"}, "e_type": "INVESTS_IN"}, {"from_type": "Client", "to_type": "Assets", "directed": false, "from_id": "10", "to_id": "5", "attributes": {"amount": 41051.52, "invested_at": "2025-02-21", "investment_id": "47", "currency": "EUR"}, "e_type": "INVESTS_IN"}, {"from_type": "Client", "to_type": "Assets", "directed": false, "from_id": "1", "to_id": "10", "attributes": {"amount": 95290.72, "invested_at": "2025-08-23", "investment_id": "3", "currency": "USD"}, "e_type": "INVESTS_IN"}, {"from_type": "Client", "to_type": "Assets", "directed": false, "from_id": "15", "to_id": "10", "attributes": {"amount": 23927.83, "invested_at": "2025-02-04", "investment_id": "66", "currency": "EUR"}, "e_type": "INVESTS_IN"}, {"from_type": "Client", "to_type": "Assets", "directed": false, "from_id": "15", "to_id": "8", "attributes": {"amount": 42063.01, "invested_at": "2025-03-03", "investment_id": "69", "currency": "INR"}, "e_type": "INVESTS_IN"}, {"from_type": "Client", "to_type": "Assets", "directed": false, "from_id": "15", "to_id": "7", "attributes": {"amount": 61932.4, "invested_at": "2024-12-18", "investment_id": "67", "currency": "USD"}, "e_type": "INVESTS_IN"}, {"from_type": "Client", "to_type": "Assets", "directed": false, "from_id": "11", "to_id": "1", "attributes": {"amount": 82518.17, "invested_at": "2025-03-14", "investment_id": "48", "currency": "USD"}, "e_type": "INVESTS_IN"}, {"from_type": "Client", "to_type": "Assets", "directed": false, "from_id": "11", "to_id": "2", "attributes": {"amount": 55656.24, "invested_at": "2025-02-06", "investment_id": "49", "currency": "EUR"}, "e_type": "INVESTS_IN"}, {"from_type": "Client", "to_type": "Assets", "directed": false, "from_id": "11", "to_id": "4", "attributes": {"amount": 23459.88, "invested_at": "2025-10-10", "investment_id": "50", "currency": "USD"}, "e_type": "INVESTS_IN"}, {"from_type": "Client", "to_type": "Assets", "directed": false, "from_id": "6", "to_id": "9", "attributes": {"amount": 72587.42, "invested_at": "2025-03-10", "investment_id": "24", "currency": "USD"}, "e_type": "INVESTS_IN"}, {"from_type": "Client", "to_type": "Assets", "directed": false, "from_id": "1", "to_id": "1", "attributes": {"amount": 36911, "invested_at": "2025-04-08", "investment_id": "5", "currency": "USD"}, "e_type": "INVESTS_IN"}, {"from_type": "Client", "to_type": "Assets", "directed": false, "from_id": "6", "to_id": "2", "attributes": {"amount": 47341.53, "invested_at": "2025-02-18", "investment_id": "26", "currency": "EUR"}, "e_type": "INVESTS_IN"}, {"from_type": "Client", "to_type": "Assets", "directed": false, "from_id": "17", "to_id": "9", "attributes": {"amount": 74897.65, "invested_at": "2025-04-21", "investment_id": "78", "currency": "USD"}, "e_type": "INVESTS_IN"}, {"from_type": "Client", "to_type": "Assets", "directed": false, "from_id": "18", "to_id": "8", "attributes": {"amount": 50215.25, "invested_at": "2024-12-13", "investment_id": "83", "currency": "EUR"}, "e_type": "INVESTS_IN"}, {"from_type": "Client", "to_type": "Assets", "directed": false, "from_id": "17", "to_id": "5", "attributes": {"amount": 34743.71, "invested_at": "2025-04-25", "investment_id": "80", "currency": "INR"}, "e_type": "INVESTS_IN"}, {"from_type": "Client", "to_type": "Assets", "directed": false, "from_id": "4", "to_id": "10", "attributes": {"amount": 63299.88, "invested_at": "2025-10-04", "investment_id": "16", "currency": "USD"}, "e_type": "INVESTS_IN"}, {"from_type": "Client", "to_type": "Assets", "directed": false, "from_id": "9", "to_id": "9", "attributes": {"amount": 26995.02, "invested_at": "2025-06-27", "investment_id": "38", "currency": "EUR"}, "e_type": "INVESTS_IN"}, {"from_type": "Client", "to_type": "Assets", "directed": false, "from_id": "13", "to_id": "1", "attributes": {"amount": 55211.49, "invested_at": "2025-06-03", "investment_id": "58", "currency": "USD"}, "e_type": "INVESTS_IN"}, {"from_type": "Client", "to_type": "Assets", "directed": false, "from_id": "10", "to_id": "7", "attributes": {"amount": 49044.64, "invested_at": "2024-12-07", "investment_id": "45", "currency": "INR"}, "e_type": "INVESTS_IN"}, {"from_type": "Client", "to_type": "Assets", "directed": false, "from_id": "10", "to_id": "3", "attributes": {"amount": 65459.99, "invested_at": "2025-09-06", "investment_id": "44", "currency": "USD"}, "e_type": "INVESTS_IN"}, {"from_type": "Client", "to_type": "Assets", "directed": false, "from_id": "4", "to_id": "2", "attributes": {"amount": 27447.47, "invested_at": "2024-12-31", "investment_id": "18", "currency": "USD"}, "e_type": "INVESTS_IN"}, {"from_type": "Client", "to_type": "Assets", "directed": false, "from_id": "3", "to_id": "9", "attributes": {"amount": 54014.75, "invested_at": "2025-09-10", "investment_id": "13", "currency": "INR"}, "e_type": "INVESTS_IN"}, {"from_type": "Client", "to_type": "Assets", "directed": false, "from_id": "2", "to_id": "1", "attributes": {"amount": 50423.14, "invested_at": "2025-06-09", "investment_id": "8", "currency": "USD"}, "e_type": "INVESTS_IN"}, {"from_type": "Client", "to_type": "Assets", "directed": false, "from_id": "17", "to_id": "8", "attributes": {"amount": 37948.69, "invested_at": "2025-04-10", "investment_id": "79", "currency": "USD"}, "e_type": "INVESTS_IN"}, {"from_type": "Client", "to_type": "Assets", "directed": false, "from_id": "4", "to_id": "7", "attributes": {"amount": 93859.93, "invested_at": "2025-03-28", "investment_id": "20", "currency": "INR"}, "e_type": "INVESTS_IN"}, {"from_type": "Client", "to_type": "Assets", "directed": false, "from_id": "13", "to_id": "10", "attributes": {"amount": 72304.71, "invested_at": "2025-11-10", "investment_id": "57", "currency": "INR"}, "e_type": "INVESTS_IN"}, {"from_type": "Client", "to_type": "Assets", "directed": false, "from_id": "9", "to_id": "7", "attributes": {"amount": 30437.04, "invested_at": "2025-01-18", "investment_id": "41", "currency": "INR"}, "e_type": "INVESTS_IN"}, {"from_type": "Client", "to_type": "Assets", "directed": false, "from_id": "16", "to_id": "3", "attributes": {"amount": 44167.17, "invested_at": "2024-11-19", "investment_id": "72", "currency": "USD"}, "e_type": "INVESTS_IN"}, {"from_type": "Client", "to_type": "Assets", "directed": false, "from_id": "16", "to_id": "8", "attributes": {"amount": 28302.7, "invested_at": "2025-03-29", "investment_id": "73", "currency": "INR"}, "e_type": "INVESTS_IN"}, {"from_type": "Client", "to_type": "Assets", "directed": false, "from_id": "23", "to_id": "1", "attributes": {"amount": 50809.87, "invested_at": "2025-08-30", "investment_id": "99", "currency": "INR"}, "e_type": "INVESTS_IN"}, {"from_type": "Client", "to_type": "Assets", "directed": false, "from_id": "8", "to_id": "10", "attributes": {"amount": 46738.54, "invested_at": "2025-08-18", "investment_id": "33", "currency": "USD"}, "e_type": "INVESTS_IN"}, {"from_type": "Client", "to_type": "Assets", "directed": false, "from_id": "2", "to_id": "3", "attributes": {"amount": 27036.56, "invested_at": "2025-11-08", "investment_id": "7", "currency": "USD"}, "e_type": "INVESTS_IN"}, {"from_type": "Client", "to_type": "Assets", "directed": false, "from_id": "16", "to_id": "5", "attributes": {"amount": 87296.76, "invested_at": "2025-08-11", "investment_id": "74", "currency": "USD"}, "e_type": "INVESTS_IN"}, {"from_type": "Client", "to_type": "Assets", "directed": false, "from_id": "7", "to_id": "5", "attributes": {"amount": 30878.84, "invested_at": "2025-05-10", "investment_id": "29", "currency": "INR"}, "e_type": "INVESTS_IN"}, {"from_type": "Client", "to_type": "Assets", "directed": false, "from_id": "8", "to_id": "3", "attributes": {"amount": 89289.24, "invested_at": "2025-10-15", "investment_id": "34", "currency": "INR"}, "e_type": "INVESTS_IN"}, {"from_type": "Client", "to_type": "Assets", "directed": false, "from_id": "19", "to_id": "9", "attributes": {"amount": 97152.31, "invested_at": "2025-04-09", "investment_id": "86", "currency": "INR"}, "e_type": "INVESTS_IN"}, {"from_type": "Client", "to_type": "Assets", "directed": false, "from_id": "20", "to_id": "3", "attributes": {"amount": 33733.21, "invested_at": "2024-11-27", "investment_id": "92", "currency": "INR"}, "e_type": "INVESTS_IN"}, {"from_type": "Client", "to_type": "Assets", "directed": false, "from_id": "22", "to_id": "6", "attributes": {"amount": 71274.1, "invested_at": "2025-03-14", "investment_id": "98", "currency": "INR"}, "e_type": "INVESTS_IN"}, {"from_type": "Client", "to_type": "Assets", "directed": false, "from_id": "19", "to_id": "1", "attributes": {"amount": 26078.17, "invested_at": "2025-06-20", "investment_id": "87", "currency": "INR"}, "e_type": "INVESTS_IN"}, {"from_type": "Client", "to_type": "Assets", "directed": false, "from_id": "4", "to_id": "9", "attributes": {"amount": 99774.47, "invested_at": "2025-09-07", "investment_id": "17", "currency": "USD"}, "e_type": "INVESTS_IN"}, {"from_type": "Client", "to_type": "Assets", "directed": false, "from_id": "12", "to_id": "4", "attributes": {"amount": 13851.17, "invested_at": "2025-11-13", "investment_id": "55", "currency": "USD"}, "e_type": "INVESTS_IN"}, {"from_type": "Client", "to_type": "Assets", "directed": false, "from_id": "8", "to_id": "2", "attributes": {"amount": 84924.9, "invested_at": "2025-02-23", "investment_id": "36", "currency": "EUR"}, "e_type": "INVESTS_IN"}, {"from_type": "Client", "to_type": "Assets", "directed": false, "from_id": "25", "to_id": "6", "attributes": {"amount": 80156.65, "invested_at": "2025-02-08", "investment_id": "113", "currency": "EUR"}, "e_type": "INVESTS_IN"}, {"from_type": "Client", "to_type": "Assets", "directed": false, "from_id": "4", "to_id": "4", "attributes": {"amount": 24944.76, "invested_at": "2025-01-05", "investment_id": "15", "currency": "EUR"}, "e_type": "INVESTS_IN"}, {"from_type": "Client", "to_type": "Assets", "directed": false, "from_id": "10", "to_id": "10", "attributes": {"amount": 6521.83, "invested_at": "2025-07-26", "investment_id": "43", "currency": "EUR"}, "e_type": "INVESTS_IN"}, {"from_type": "Client", "to_type": "Assets", "directed": false, "from_id": "20", "to_id": "1", "attributes": {"amount": 79501.89, "invested_at": "2025-02-26", "investment_id": "91", "currency": "USD"}, "e_type": "INVESTS_IN"}, {"from_type": "Client", "to_type": "Assets", "directed": false, "from_id": "25", "to_id": "5", "attributes": {"amount": 24443.89, "invested_at": "2025-02-26", "investment_id": "112", "currency": "USD"}, "e_type": "INVESTS_IN"}, {"from_type": "Client", "to_type": "Assets", "directed": false, "from_id": "5", "to_id": "7", "attributes": {"amount": 65070.97, "invested_at": "2025-06-06", "investment_id": "21", "currency": "INR"}, "e_type": "INVESTS_IN"}, {"from_type": "Client", "to_type": "Assets", "directed": false, "from_id": "24", "to_id": "8", "attributes": {"amount": 8598.96, "invested_at": "2024-11-28", "investment_id": "107", "currency": "INR"}, "e_type": "INVESTS_IN"}, {"from_type": "Client", "to_type": "Assets", "directed": false, "from_id": "3", "to_id": "4", "attributes": {"amount": 69370.69, "invested_at": "2024-12-13", "investment_id": "14", "currency": "EUR"}, "e_type": "INVESTS_IN"}, {"from_type": "Client", "to_type": "Assets", "directed": false, "from_id": "14", "to_id": "7", "attributes": {"amount": 91030.33, "invested_at": "2025-07-03", "investment_id": "65", "currency": "EUR"}, "e_type": "INVESTS_IN"}, {"from_type": "Client", "to_type": "Assets", "directed": false, "from_id": "14", "to_id": "10", "attributes": {"amount": 94388.31, "invested_at": "2025-10-08", "investment_id": "62", "currency": "INR"}, "e_type": "INVESTS_IN"}, {"from_type": "Client", "to_type": "Assets", "directed": false, "from_id": "23", "to_id": "7", "attributes": {"amount": 88056.52, "invested_at": "2025-10-07", "investment_id": "101", "currency": "EUR"}, "e_type": "INVESTS_IN"}, {"from_type": "Client", "to_type": "Assets", "directed": false, "from_id": "17", "to_id": "6", "attributes": {"amount": 89311.8, "invested_at": "2024-12-16", "investment_id": "76", "currency": "USD"}, "e_type": "INVESTS_IN"}, {"from_type": "Client", "to_type": "Assets", "directed": false, "from_id": "9", "to_id": "2", "attributes": {"amount": 72986.53, "invested_at": "2025-07-14", "investment_id": "42", "currency": "USD"}, "e_type": "INVESTS_IN"}, {"from_type": "Client", "to_type": "Assets", "directed": false, "from_id": "16", "to_id": "6", "attributes": {"amount": 12652.1, "invested_at": "2025-03-15", "investment_id": "70", "currency": "INR"}, "e_type": "INVESTS_IN"}, {"from_type": "Client", "to_type": "Assets", "directed": false, "from_id": "22", "to_id": "4", "attributes": {"amount": 52667.94, "invested_at": "2025-01-30", "investment_id": "96", "currency": "USD"}, "e_type": "INVESTS_IN"}, {"from_type": "Client", "to_type": "Assets", "directed": false, "from_id": "2", "to_id": "9", "attributes": {"amount": 44616.57, "invested_at": "2024-11-25", "investment_id": "10", "currency": "USD"}, "e_type": "INVESTS_IN"}, {"from_type": "Client", "to_type": "Assets", "directed": false, "from_id": "14", "to_id": "2", "attributes": {"amount": 81481.29, "invested_at": "2025-11-15", "investment_id": "63", "currency": "INR"}, "e_type": "INVESTS_IN"}, {"from_type": "Client", "to_type": "Assets", "directed": false, "from_id": "19", "to_id": "4", "attributes": {"amount": 15092.8, "invested_at": "2025-10-15", "investment_id": "85", "currency": "EUR"}, "e_type": "INVESTS_IN"}, {"from_type": "Client", "to_type": "Assets", "directed": false, "from_id": "17", "to_id": "2", "attributes": {"amount": 91766.64, "invested_at": "2024-12-27", "investment_id": "75", "currency": "INR"}, "e_type": "INVESTS_IN"}, {"from_type": "Client", "to_type": "Assets", "directed": false, "from_id": "21", "to_id": "9", "attributes": {"amount": 90973.94, "invested_at": "2025-05-05", "investment_id": "94", "currency": "INR"}, "e_type": "INVESTS_IN"}, {"from_type": "Client", "to_type": "Assets", "directed": false, "from_id": "5", "to_id": "1", "attributes": {"amount": 96145.87, "invested_at": "2025-09-12", "investment_id": "23", "currency": "EUR"}, "e_type": "INVESTS_IN"}, {"from_type": "Client", "to_type": "Assets", "directed": false, "from_id": "14", "to_id": "3", "attributes": {"amount": 91277.82, "invested_at": "2025-02-15", "investment_id": "64", "currency": "EUR"}, "e_type": "INVESTS_IN"}, {"from_type": "Client", "to_type": "Assets", "directed": false, "from_id": "25", "to_id": "8", "attributes": {"amount": 97467.88, "invested_at": "2025-10-13", "investment_id": "110", "currency": "EUR"}, "e_type": "INVESTS_IN"}, {"from_type": "Client", "to_type": "Assets", "directed": false, "from_id": "15", "to_id": "4", "attributes": {"amount": 57419.88, "invested_at": "2025-09-08", "investment_id": "68", "currency": "EUR"}, "e_type": "INVESTS_IN"}, {"from_type": "Client", "to_type": "Assets", "directed": false, "from_id": "12", "to_id": "6", "attributes": {"amount": 41418.74, "invested_at": "2025-05-10", "investment_id": "53", "currency": "USD"}, "e_type": "INVESTS_IN"}, {"from_type": "Client", "to_type": "Assets", "directed": false, "from_id": "13", "to_id": "8", "attributes": {"amount": 17891.77, "invested_at": "2025-01-12", "investment_id": "60", "currency": "USD"}, "e_type": "INVESTS_IN"}, {"from_type": "Client", "to_type": "Assets", "directed": false, "from_id": "13", "to_id": "2", "attributes": {"amount": 19860.08, "invested_at": "2025-01-30", "investment_id": "56", "currency": "INR"}, "e_type": "INVESTS_IN"}, {"from_type": "Client", "to_type": "Assets", "directed": false, "from_id": "20", "to_id": "7", "attributes": {"amount": 94045.04, "invested_at": "2025-04-10", "investment_id": "90", "currency": "EUR"}, "e_type": "INVESTS_IN"}, {"from_type": "Client", "to_type": "Assets", "directed": false, "from_id": "13", "to_id": "3", "attributes": {"amount": 93863.98, "invested_at": "2024-11-23", "investment_id": "59", "currency": "INR"}, "e_type": "INVESTS_IN"}, {"from_type": "Client", "to_type": "Assets", "directed": false, "from_id": "9", "to_id": "8", "attributes": {"amount": 60789.82, "invested_at": "2025-02-26", "investment_id": "39", "currency": "USD"}, "e_type": "INVESTS_IN"}, {"from_type": "Client", "to_type": "Assets", "directed": false, "from_id": "20", "to_id": "9", "attributes": {"amount": 11164.01, "invested_at": "2025-02-18", "investment_id": "89", "currency": "EUR"}, "e_type": "INVESTS_IN"}, {"from_type": "Client", "to_type": "Assets", "directed": false, "from_id": "25", "to_id": "2", "attributes": {"amount": 73430.09, "invested_at": "2025-07-21", "investment_id": "109", "currency": "USD"}, "e_type": "INVESTS_IN"}, {"from_type": "Client", "to_type": "Assets", "directed": false, "from_id": "18", "to_id": "1", "attributes": {"amount": 40923.99, "invested_at": "2025-01-13", "investment_id": "82", "currency": "USD"}, "e_type": "INVESTS_IN"}, {"from_type": "Client", "to_type": "Assets", "directed": false, "from_id": "21", "to_id": "1", "attributes": {"amount": 35663.32, "invested_at": "2025-05-29", "investment_id": "93", "currency": "EUR"}, "e_type": "INVESTS_IN"}, {"from_type": "Client", "to_type": "Assets", "directed": false, "from_id": "1", "to_id": "4", "attributes": {"amount": 55551.3, "invested_at": "2025-02-19", "investment_id": "2", "currency": "EUR"}, "e_type": "INVESTS_IN"}, {"from_type": "Client", "to_type": "Assets", "directed": false, "from_id": "25", "to_id": "7", "attributes": {"amount": 13355.39, "invested_at": "2024-12-25", "investment_id": "111", "currency": "USD"}, "e_type": "INVESTS_IN"}, {"from_type": "Client", "to_type": "Assets", "directed": false, "from_id": "21", "to_id": "3", "attributes": {"amount": 97308.15, "invested_at": "2025-11-04", "investment_id": "95", "currency": "EUR"}, "e_type": "INVESTS_IN"}, {"from_type": "Client", "to_type": "Assets", "directed": false, "from_id": "12", "to_id": "5", "attributes": {"amount": 90570.62, "invested_at": "2025-02-03", "investment_id": "52", "currency": "USD"}, "e_type": "INVESTS_IN"}, {"from_type": "Client", "to_type": "Assets", "directed": false, "from_id": "7", "to_id": "4", "attributes": {"amount": 50550.52, "invested_at": "2025-08-29", "investment_id": "30", "currency": "USD"}, "e_type": "INVESTS_IN"}, {"from_type": "Client", "to_type": "Assets", "directed": false, "from_id": "22", "to_id": "2", "attributes": {"amount": 93219.8, "invested_at": "2025-03-13", "investment_id": "97", "currency": "USD"}, "e_type": "INVESTS_IN"}, {"from_type": "Client", "to_type": "Assets", "directed": false, "from_id": "23", "to_id": "4", "attributes": {"amount": 75847.79, "invested_at": "2025-01-19", "investment_id": "100", "currency": "INR"}, "e_type": "INVESTS_IN"}, {"from_type": "Client", "to_type": "Assets", "directed": false, "from_id": "12", "to_id": "10", "attributes": {"amount": 21237.72, "invested_at": "2025-07-26", "investment_id": "54", "currency": "EUR"}, "e_type": "INVESTS_IN"}, {"from_type": "Client", "to_type": "Assets", "directed": false, "from_id": "7", "to_id": "9", "attributes": {"amount": 72912.12, "invested_at": "2025-09-16", "investment_id": "31", "currency": "INR"}, "e_type": "INVESTS_IN"}, {"from_type": "Client", "to_type": "Assets", "directed": false, "from_id": "1", "to_id": "6", "attributes": {"amount": 33529.22, "invested_at": "2025-03-11", "investment_id": "4", "currency": "USD"}, "e_type": "INVESTS_IN"}, {"from_type": "Client", "to_type": "Assets", "directed": false, "from_id": "24", "to_id": "6", "attributes": {"amount": 24175.79, "invested_at": "2025-10-04", "investment_id": "105", "currency": "EUR"}, "e_type": "INVESTS_IN"}, {"from_type": "Client", "to_type": "Assets", "directed": false, "from_id": "6", "to_id": "10", "attributes": {"amount": 38525.15, "invested_at": "2025-04-09", "investment_id": "28", "currency": "INR"}, "e_type": "INVESTS_IN"}, {"from_type": "Client", "to_type": "Assets", "directed": false, "from_id": "20", "to_id": "6", "attributes": {"amount": 56891.52, "invested_at": "2025-10-17", "investment_id": "88", "currency": "USD"}, "e_type": "INVESTS_IN"}, {"from_type": "Client", "to_type": "Assets", "directed": false, "from_id": "24", "to_id": "3", "attributes": {"amount": 53118.57, "invested_at": "2025-05-06", "investment_id": "104", "currency": "EUR"}, "e_type": "INVESTS_IN"}, {"from_type": "Client", "to_type": "Assets", "directed": false, "from_id": "24", "to_id": "9", "attributes": {"amount": 43630.32, "invested_at": "2025-05-05", "investment_id": "103", "currency": "USD"}, "e_type": "INVESTS_IN"}, {"from_type": "Client", "to_type": "Assets", "directed": false, "from_id": "3", "to_id": "1", "attributes": {"amount": 86731.74, "invested_at": "2024-11-24", "investment_id": "12", "currency": "EUR"}, "e_type": "INVESTS_IN"}], "HAS_CONTENT": [], "IS_CHILD_OF": [], "IS_HEAD_OF": [], "HAS_TAIL": [], "DESCRIBES_RELATIONSHIP": [], "DESCRIBES_ENTITY": [], "CONTAINS_ENTITY": [], "MENTIONS_RELATIONSHIP": [], "IS_AFTER": [], "HAS_CHILD": [], "HAS_RELATIONSHIP": [], "CONTAINS_DOCUMENT": [], "ENTITY_HAS_TYPE": [], "RELATIONSHIP_TYPE": [], "RELATIONSHIP": [], "RESOLVES_TO": [], "RESOLVED_RELATIONSHIP": [], "IN_COMMUNITY": [], "LINKS_TO": [], "HAS_PARENT": [], "HAS_IMAGE": [], "REFERENCES_IMAGE": []}