{"Advisor": [{"v_id": "5", "v_type": "Advisor", "attributes": {"advisor_id": "5", "name": "Nicole Clark", "email": "laura15@example.org", "phone": "001-653-616-4675x736", "embedding": []}}, {"v_id": "3", "v_type": "Advisor", "attributes": {"advisor_id": "3", "name": "Mr. Joshua Trevino PhD", "email": "paulmartinez@example.net", "phone": "(235)358-2070x607", "embedding": []}}, {"v_id": "1", "v_type": "Advisor", "attributes": {"advisor_id": "1", "name": "Maureen Sheppard", "email": "christine93@example.org", "phone": "852-803-8254", "embedding": []}}, {"v_id": "4", "v_type": "Advisor", "attributes": {"advisor_id": "4", "name": "Heather Lewis", "email": "lopezhaley@example.net", "phone": "+1-574-260-6554", "embedding": []}}, {"v_id": "2", "v_type": "Advisor", "attributes": {"advisor_id": "2", "name": "Madison Khan", "email": "prich@example.net", "phone": "817.580.7075", "embedding": []}}], "Client": [{"v_id": "5", "v_type": "Client", "attributes": {"client_id": "5", "name": "Wendy Kelly", "email": "anthonyking@example.org", "phone": "+1-551-708-2277x5805", "embedding": []}}, {"v_id": "3", "v_type": "Client", "attributes": {"client_id": "3", "name": "Natalie Jackson", "email": "tharrington@example.org", "phone": "934-670-3577x4262", "embedding": []}}, {"v_id": "1", "v_type": "Client", "attributes": {"client_id": "1", "name": "Edwin Allen", "email": "debra88@example.net", "phone": "287.866.5341x6494", "embedding": []}}, {"v_id": "6", "v_type": "Client", "attributes": {"client_id": "6", "name": "Laura Duncan", "email": "alan47@example.org", "phone": "813.755.1471x6746", "embedding": []}}, {"v_id": "17", "v_type": "Client", "attributes": {"client_id": "17", "name": "Kelly Brown", "email": "zobrien@example.net", "phone": "9863102321", "embedding": []}}, {"v_id": "4", "v_type": "Client", "attributes": {"client_id": "4", "name": "Mark Wade", "email": "bhiggins@example.com", "phone": "632.774.9401", "embedding": []}}, {"v_id": "2", "v_type": "Client", "attributes": {"client_id": "2", "name": "Ashley Flores", "email": "tonyagarcia@example.com", "phone": "695-821-9524x25541", "embedding": []}}, {"v_id": "18", "v_type": "Client", "attributes": {"client_id": "18", "name": "Larry Lawrence", "email": "daviscandice@example.com", "phone": "001-440-546-9336x7450", "embedding": []}}, {"v_id": "13", "v_type": "Client", "attributes": {"client_id": "13", "name": "Barbara Miles", "email": "hernandezralph@example.com", "phone": "+1-496-490-0491", "embedding": []}}, {"v_id": "9", "v_type": "Client", "attributes": {"client_id": "9", "name": "Haley Brown", "email": "leejason@example.org", "phone": "847-743-5381x5533", "embedding": []}}, {"v_id": "10", "v_type": "Client", "attributes": {"client_id": "10", "name": "Bryan Smith", "email": "brittany05@example.com", "phone": "+1-925-238-1655x8731", "embedding": []}}, {"v_id": "24", "v_type": "Client", "attributes": {"client_id": "24", "name": "Yvonne Taylor", "email": "wphillips@example.com", "phone": "+1-634-649-9378x84881", "embedding": []}}, {"v_id": "11", "v_type": "Client", "attributes": {"client_id": "11", "name": "Matthew Campbell", "email": "bethmartin@example.net", "phone": "+1-484-393-2011x0890", "embedding": []}}, {"v_id": "20", "v_type": "Client", "attributes": {"client_id": "20", "name": "Stephanie Pugh", "email": "lindsayrichardson@example.net", "phone": "259-786-8912", "embedding": []}}, {"v_id": "7", "v_type": "Client", "attributes": {"client_id": "7", "name": "Richard Knight", "email": "christopherreynolds@example.net", "phone": "608.985.2001x55741", "embedding": []}}, {"v_id": "12", "v_type": "Client", "attributes": {"client_id": "12", "name": "Mitchell Scott", "email": "tjackson@example.net", "phone": "612.216.3825x89382", "embedding": []}}, {"v_id": "19", "v_type": "Client", "attributes": {"client_id": "19", "name": "Patricia Durham", "email": "xwiley@example.net", "phone": "(520)879-9357x4047", "embedding": []}}, {"v_id": "23", "v_type": "Client", "attributes": {"client_id": "23", "name": "Caleb Phillips", "email": "brittanybutler@example.net", "phone": "474.901.8232x1918", "embedding": []}}, {"v_id": "15", "v_type": "Client", "attributes": {"client_id": "15", "name": "Susan Washington", "email": "brendaowens@example.com", "phone": "335-835-3048", "embedding": []}}, {"v_id": "25", "v_type": "Client", "attributes": {"client_id": "25", "name": "Jennifer Figueroa", "email": "ariasdaniel@example.com", "phone": "6286982939", "embedding": []}}, {"v_id": "22", "v_type": "Client", "attributes": {"client_id": "22", "name": "Yvonne King", "email": "qhardy@example.org", "phone": "(999)308-3841x609", "embedding": []}}, {"v_id": "8", "v_type": "Client", "attributes": {"client_id": "8", "name": "Martin Cox", "email": "amandathomas@example.org", "phone": "870-707-7986x970", "embedding": []}}, {"v_id": "16", "v_type": "Client", "attributes": {"client_id": "16", "name": "Sean Spears", "email": "brenda93@example.org", "phone": "615-336-9197", "embedding": []}}, {"v_id": "21", "v_type": "Client", "attributes": {"client_id": "21", "name": "Kenneth Leonard", "email": "sheilamoreno@example.net", "phone": "+1-804-531-8587x2824", "embedding": []}}, {"v_id": "14", "v_type": "Client", "attributes": {"client_id": "14", "name": "Todd Mcgrath MD", "email": "aandrews@example.org", "phone": "(875)331-9672x441", "embedding": []}}], "Assets": [{"v_id": "5", "v_type": "Assets", "attributes": {"Assets_id": "5", "name": "Mccall, Carson and Benton", "ticker": "NVW", "industry": "Passenger transport manager", "embedding": []}}, {"v_id": "3", "v_type": "Assets", "attributes": {"Assets_id": "3", "name": "Taylor-Murray", "ticker": "XAG", "industry": "Scientist, biomedical", "embedding": []}}, {"v_id": "1", "v_type": "Assets", "attributes": {"Assets_id": "1", "name": "Pierce, Luna and Johnson", "ticker": "HWJ", "industry": "Production assistant, radio", "embedding": []}}, {"v_id": "6", "v_type": "Assets", "attributes": {"Assets_id": "6", "name": "Smith-Gomez", "ticker": "WTA", "industry": "Teacher, English as a foreign language", "embedding": []}}, {"v_id": "4", "v_type": "Assets", "attributes": {"Assets_id": "4", "name": "Contreras-Thompson", "ticker": "UUC", "industry": "Journalist, magazine", "embedding": []}}, {"v_id": "2", "v_type": "Assets", "attributes": {"Assets_id": "2", "name": "Peterson Group", "ticker": "URX", "industry": "Control and instrumentation engineer", "embedding": []}}, {"v_id": "9", "v_type": "Assets", "attributes": {"Assets_id": "9", "name": "Guzman Ltd", "ticker": "CNF", "industry": "Artist", "embedding": []}}, {"v_id": "10", "v_type": "Assets", "attributes": {"Assets_id": "10", "name": "Hunter, Andrews and Murphy", "ticker": "STJ", "industry": "Scientist, research (medical)", "embedding": []}}, {"v_id": "7", "v_type": "Assets", "attributes": {"Assets_id": "7", "name": "Young, Pearson and Smith", "ticker": "VZU", "industry": "Historic buildings inspector/conservation officer", "embedding": []}}, {"v_id": "8", "v_type": "Assets", "attributes": {"Assets_id": "8", "name": "Parker and Sons", "ticker": "SFG", "industry": "Patent examiner", "embedding": []}}], "DocumentChunk": [], "Document": [{"v_id": "test_sheet", "v_type": "Document", "attributes": {"id": "test_sheet", "epoch_added": 1763463637, "epoch_processing": 0, "epoch_processed": 0, "ATTRIBUTE": ""}}, {"v_id": "temp", "v_type": "Document", "attributes": {"id": "temp", "epoch_added": 1763463637, "epoch_processing": 0, "epoch_processed": 0, "ATTRIBUTE": ""}}], "Concept": [], "Entity": [], "Relationship": [], "DocumentCollection": [], "Content": [{"v_id": "test_sheet", "v_type": "Content", "attributes": {"id": "test_sheet", "ctype": "markdown", "text": "doc_id,content\\n1,\\\"# Getting Started\\nLearn how to set up TigerGraph for the first time. Installation instructions, initial configurations, and basic commands are covered.\\\"", "epoch_added": 1763463637}}, {"v_id": "temp", "v_type": "Content", "attributes": {"id": "temp", "ctype": "markdown", "text": "[\\n  {\\n    \\\"doc_id\\\": \\\"1\\\",\\n    \\\"content\\\": \\\"# Getting Started\\\\nLearn how to set up TigerGraph for the first time. Installation instructions, initial configurations, and basic commands are covered.\\\"\\n  }\\n]", "epoch_added": 1763463637}}], "EntityType": [], "Community": [], "ResolvedEntity": [], "Image": []}